,createdAt,name,id
0,2025-07-25T22:20:50.664Z,Todd Cormier,1
1,2025-07-26T11:13:29.165Z,Paul Hegmann,2
2,2025-07-26T05:10:25.817Z,Ryan Russel IV,3
3,2025-07-25T21:45:48.488Z,Pedro Hills,4
4,2025-07-26T13:44:57.944Z,Dr. Joann O'Reilly,5
5,2025-07-26T03:09:23.061Z,Ms. Lynne Walter,6
6,2025-07-26T10:17:31.259Z,Mercedes Botsford-Hoppe,7
7,2025-07-26T12:24:11.206Z,Ms. Lynne Blanda,8
8,2025-07-25T21:13:45.449Z,Margarita Dickinson,9
9,2025-07-26T02:10:41.508Z,Cecil Stehr,10
10,2025-07-25T17:56:42.039Z,Ada Brown,11
11,2025-07-25T21:35:15.138Z,Beth Kerluke,12
12,2025-07-25T20:52:16.335Z,Douglas Hermiston,13
13,2025-07-26T01:23:20.865Z,Franklin Runte,14
14,2025-07-26T03:33:23.458Z,Hugh Kovacek,15
15,2025-07-26T05:35:27.197Z,Mr. Pablo Murray,16
16,2025-07-25T20:42:29.254Z,Genevieve Dietrich DVM,17
17,2025-07-26T06:36:31.096Z,Dr. Mathew Kshlerin,18
18,2025-07-25T15:08:59.317Z,Victoria Schumm,19
19,2025-07-25T22:49:08.254Z,Stacy Spinka,20
20,2025-07-26T10:25:02.955Z,Gerard White,21
21,2025-07-25T23:08:25.147Z,Rudolph Brakus,22
22,2025-07-26T02:41:50.082Z,Melinda Hettinger,23
23,2025-07-26T03:29:47.991Z,Dr. Alfred Bauch MD,24
24,2025-07-25T21:22:05.131Z,Fredrick Schowalter,25
25,2025-07-26T12:57:17.369Z,Ian Dietrich,26
26,2025-07-25T18:19:52.357Z,Jeannie Stroman,27
27,2025-07-26T05:33:30.661Z,Carroll Schultz,28
28,2025-07-25T16:02:19.880Z,Emanuel Klocko-Wehner,29
29,2025-07-25T18:15:09.257Z,Brooke Pfannerstill,30
30,2025-07-26T12:19:04.453Z,Irma Abernathy,31
31,2025-07-26T01:47:07.787Z,Shari Metz,32
32,2025-07-26T12:50:29.767Z,Eleanor Heaney,33
33,2025-07-26T00:50:49.801Z,Gerald O'Hara,34
34,2025-07-26T09:55:32.408Z,Mrs. Paula Anderson,35
35,2025-07-26T10:31:41.756Z,Lester Hermiston,36
36,2025-07-25T16:11:23.887Z,Dana Stroman,37
37,2025-07-26T05:59:55.436Z,Katie Reichert,38
38,2025-07-26T02:33:22.386Z,Sophia Abernathy,39
39,2025-07-25T20:24:23.657Z,Russell Wolf,40
40,2025-07-26T03:26:22.486Z,Marjorie Wiza IV,41
41,2025-07-26T02:28:21.400Z,Annie Champlin,42
42,2025-07-25T21:20:31.186Z,Megan Muller,43
43,2025-07-25T15:10:50.162Z,Caleb Beatty,44
44,2025-07-26T07:09:17.274Z,Jermaine Jakubowski-Ritchie,45
45,2025-07-25T14:52:28.562Z,Dr. Doreen Lebsack,46
